YEAR,VAR271
1979,3.1575585521646556
1980,2.9993412384716733
1981,2.9976780185758516
1983,3.0082028337061892
1985,2.8934871099050206
1986,2.926779661016949
1987,2.8087016574585637
1988,2.857233502538071
1989,2.7635366689513363
1991,2.77546468401487
1998,2.609375
2000,2.6569230769230767
